Instance,Time,Cost,FacilityState,CustomerState
1,0.431,10017,1 0 1 1 0 1 1 1 1 1 ,5 7 8 2 9 9 5 6 3 2 6 3 0 0 6 9 5 0 3 9 7 6 3 5 6 9 5 7 0 3 3 8 2 0 3 7 9 3 6 8 5 7 8 2 5 7 0 2 7 6 
2,0.209,9207,0 0 1 1 0 1 1 1 1 1 ,5 7 8 2 9 9 5 6 7 2 6 6 3 9 6 9 5 6 3 9 7 6 3 5 6 9 5 7 3 3 3 8 2 9 3 7 9 3 6 6 5 7 8 2 5 7 8 2 5 6 
3,0.227,11005,0 0 1 1 1 1 1 1 0 1 ,5 7 6 2 9 9 5 6 3 2 6 3 4 9 6 4 5 6 3 9 7 6 3 5 6 9 5 7 4 3 3 6 2 4 3 7 9 3 6 4 5 7 4 2 5 7 6 2 4 6 
4,0.254,12228,0 0 1 1 0 1 1 0 1 1 ,5 2 8 2 9 9 5 6 3 2 6 3 5 9 6 9 5 6 2 9 6 6 3 5 8 9 5 9 3 3 3 8 2 9 3 6 9 3 6 8 5 2 8 2 5 3 6 2 5 6 
5,0.193,10107,1 0 1 1 0 1 1 1 1 1 ,5 7 8 2 9 9 2 6 3 2 6 3 3 0 6 9 5 0 7 9 7 6 3 5 6 9 5 7 0 3 3 8 2 0 3 8 9 3 6 8 5 7 8 8 5 7 0 2 5 6 
6,0.191,9364,1 0 1 1 0 1 1 1 1 1 ,5 7 8 2 9 9 2 6 7 2 6 3 0 0 6 9 5 6 3 9 7 6 3 5 6 9 5 7 0 0 3 8 2 0 3 7 9 3 6 8 5 7 8 8 5 7 0 2 5 8 
7,0.191,10734,1 0 1 1 0 1 1 1 1 1 ,5 7 8 2 9 9 2 6 3 2 6 3 0 0 6 9 5 0 2 9 7 6 3 5 6 9 5 7 0 3 3 8 2 0 3 7 9 3 6 8 5 7 8 8 5 7 8 2 5 6 
8,0.199,12556,1 0 1 1 1 1 1 1 1 1 ,0 7 8 2 9 9 5 6 7 2 6 4 8 8 6 9 5 0 3 9 7 6 3 5 6 9 5 7 0 2 3 8 2 0 3 7 9 3 6 8 5 7 8 8 5 7 0 2 5 6 
9,0.173,9677,0 1 1 1 0 1 1 0 1 1 ,5 2 8 2 9 9 5 6 3 2 6 3 3 9 6 9 5 6 3 9 8 6 3 5 6 9 5 9 3 3 3 8 2 1 3 8 9 3 6 8 5 1 8 8 1 3 8 2 5 6 
10,0.178,8958,0 1 1 1 0 1 1 0 1 1 ,5 2 8 2 9 9 5 6 3 2 6 3 3 9 6 9 5 6 3 9 8 6 3 5 6 9 5 9 3 3 3 8 2 1 3 8 9 3 6 8 5 1 8 8 1 3 8 2 5 6 
11,0.187,10340,0 1 1 1 0 1 1 0 1 1 ,5 2 8 2 9 2 5 6 3 2 6 3 3 9 6 9 5 6 3 9 8 6 3 5 6 9 5 9 3 3 3 8 2 9 3 8 9 3 6 8 5 3 8 8 5 3 8 1 5 6 
12,0.184,12272,0 0 1 1 0 1 1 1 0 1 ,5 7 6 2 9 9 5 6 3 2 6 3 3 9 6 9 5 6 3 9 7 6 3 5 6 9 5 7 3 3 3 6 2 9 3 7 9 3 5 6 5 7 3 2 5 7 6 2 5 6 
13,0.173,9909,1 1 0 0 1 1 1 0 0 1 0 1 1 1 0 1 1 0 0 0 ,0 6 11 15 4 5 12 11 5 4 11 5 15 6 12 13 4 0 12 13 15 16 4 9 6 13 15 16 5 4 4 1 6 4 9 15 0 6 11 16 0 13 16 15 6 5 12 5 13 0 
14,0.178,8349,1 0 0 0 1 1 1 0 1 0 0 1 1 0 0 1 1 0 0 1 ,0 6 11 15 4 5 12 11 5 4 11 5 8 6 12 19 4 0 12 16 15 16 4 5 19 8 15 16 5 6 4 0 6 4 0 8 0 6 11 16 0 6 16 19 4 5 12 5 15 8 
15,0.181,10751,1 0 0 0 1 1 1 0 0 1 0 1 1 1 0 1 1 0 0 0 ,0 6 11 15 4 5 12 11 5 4 11 5 15 11 12 15 4 0 12 16 6 16 4 13 6 15 15 16 5 6 4 0 6 4 0 5 0 6 11 16 0 6 16 15 4 5 12 5 15 9 
16,0.184,12911,0 0 0 0 1 1 1 0 0 1 0 1 1 0 0 1 1 0 0 0 ,16 6 11 15 4 12 12 16 5 4 11 5 15 11 12 15 4 9 12 16 15 16 9 9 6 15 15 16 5 4 4 11 6 4 9 5 11 6 11 16 5 6 16 15 6 5 12 5 15 4 
17,0.172,9946,1 0 0 0 1 1 1 0 0 0 0 1 0 0 0 1 1 0 0 1 ,0 6 11 15 4 5 19 16 5 4 11 5 15 11 15 19 4 0 11 16 15 16 4 5 19 19 15 16 5 6 4 0 6 4 0 15 0 6 11 16 0 6 16 19 6 5 19 5 15 0 
18,0.179,8576,1 0 0 0 1 1 1 0 0 1 0 1 0 0 0 1 1 0 0 1 ,0 6 11 15 4 5 19 16 5 4 11 5 15 11 15 19 4 0 11 16 15 16 4 9 19 19 15 16 5 6 4 0 6 4 9 15 0 6 11 16 0 6 16 19 6 5 0 5 15 0 
19,0.175,10122,1 1 0 0 1 1 1 0 0 0 0 1 0 0 0 1 1 0 0 1 ,0 6 11 15 4 5 19 11 5 4 11 5 15 11 15 19 4 0 0 16 15 16 4 5 19 19 15 16 5 6 4 0 6 4 0 1 0 6 11 16 0 6 16 19 6 5 19 5 15 16 
20,0.178,12640,0 0 0 0 1 1 1 0 0 1 0 1 0 0 0 1 1 0 0 1 ,5 6 16 15 4 5 19 11 5 4 9 16 15 11 15 19 4 9 11 16 15 16 4 9 19 15 15 19 5 6 4 11 6 4 9 5 11 6 11 16 16 6 16 19 6 5 19 5 15 9 
21,0.178,9789,1 0 0 0 1 0 1 0 1 1 0 1 0 0 1 0 1 0 0 1 ,0 6 14 8 4 14 19 11 19 4 11 9 8 6 11 19 4 0 0 16 19 16 4 9 19 8 11 16 19 6 4 0 6 4 0 8 0 6 11 16 0 6 16 19 6 4 0 14 4 8 
22,0.181,8425,1 0 0 0 1 0 1 0 1 0 0 1 0 0 1 0 1 0 0 1 ,0 6 14 8 4 14 19 11 19 4 11 8 8 6 11 19 4 0 0 16 19 16 4 14 19 8 11 16 19 6 4 0 6 4 0 8 0 6 11 16 0 6 16 19 4 4 0 14 8 8 
23,0.182,10572,1 0 0 0 1 0 1 0 0 1 0 1 0 0 1 0 1 0 0 1 ,0 6 14 19 4 14 19 11 19 4 11 9 14 6 11 19 4 0 0 16 19 16 4 9 19 19 11 16 19 6 4 0 6 4 0 16 0 6 11 16 0 6 16 19 6 4 0 14 4 9 
24,0.186,13532,0 0 0 0 1 0 1 0 0 1 0 1 0 0 0 0 1 0 0 1 ,19 6 16 6 4 4 19 16 19 4 11 9 11 11 11 19 4 9 11 16 9 16 9 9 19 19 11 16 9 4 4 16 6 4 9 4 11 6 11 16 16 6 16 19 6 16 19 6 6 9 
25,0.281,12057,0 0 0 1 1 1 0 1 1 0 1 0 0 1 0 0 0 1 0 0 0 1 0 0 0 0 0 1 0 0 ,21 10 7 3 5 8 13 8 21 13 8 13 8 21 5 8 13 8 10 5 21 27 27 8 5 10 27 8 5 17 4 13 10 7 4 21 27 8 7 5 4 13 10 10 4 10 27 8 5 7 10 13 8 7 13 21 27 8 3 5 10 13 8 7 13 4 17 27 10 3 8 13 8 21 4 10 7 8 5 13 4 13 10 10 4 21 27 27 7 5 4 13 8 10 4 8 13 8 21 5 4 17 17 10 3 10 27 8 8 5 10 27 8 5 7 10 27 8 7 5 27 7 8 5 13 10 27 8 13 5 10 13 8 7 13 21 27 8 3 5 8 13 10 10 4 10 27 8 8 5 
26,0.292,10737,0 0 0 1 1 1 0 1 1 0 1 0 0 1 0 0 0 1 0 1 0 1 0 0 0 0 0 1 0 0 ,21 10 8 3 5 8 13 8 21 13 8 13 8 21 5 8 13 8 7 5 21 27 27 7 19 10 27 8 5 17 4 13 10 7 4 21 27 8 7 5 4 13 10 10 4 10 27 8 5 13 10 13 8 7 13 21 27 3 3 5 10 13 8 7 13 4 17 10 10 3 8 13 10 21 4 10 7 8 5 13 4 13 10 10 4 21 27 8 7 5 4 13 8 10 4 8 13 8 21 5 4 17 17 10 3 10 27 8 8 5 10 27 8 5 13 10 27 8 7 5 27 7 8 5 7 21 27 8 13 5 10 13 8 7 13 10 27 8 3 5 8 13 10 10 4 10 27 8 8 5 
27,0.291,12992,0 0 0 1 1 1 0 1 1 0 1 0 0 1 0 0 0 1 0 0 0 1 0 0 0 0 0 1 0 0 ,21 10 8 3 5 8 13 8 21 13 8 13 8 21 5 8 13 8 10 5 21 27 27 7 5 10 27 8 5 17 4 13 10 7 4 21 27 8 7 5 4 13 10 10 4 10 27 8 5 7 10 13 8 7 13 21 27 8 3 5 10 13 8 7 13 4 17 10 10 3 8 13 8 21 4 10 7 8 7 7 4 13 10 10 4 21 27 27 7 8 4 13 8 10 4 8 13 8 21 13 4 17 17 10 3 10 27 8 8 5 10 27 8 5 7 10 27 8 5 5 27 27 8 5 7 10 27 8 13 5 10 13 8 7 13 21 27 8 3 5 8 13 10 10 4 10 27 8 5 5 
28,0.279,16541,0 0 0 1 1 1 0 0 1 0 1 0 0 1 0 0 0 1 0 0 0 1 0 1 0 0 0 1 0 0 ,21 27 3 3 8 8 13 8 23 13 8 13 8 21 5 10 13 8 10 13 21 27 27 8 5 10 27 8 5 17 4 13 10 10 4 21 27 27 4 8 4 13 10 10 4 10 27 8 5 13 10 13 8 10 13 21 27 8 3 5 10 13 8 10 13 4 17 10 10 3 8 13 8 21 4 10 27 8 5 13 4 13 10 10 4 17 27 8 4 5 4 13 8 10 4 8 13 8 21 5 4 17 17 10 3 10 27 8 8 5 8 27 8 5 13 10 27 8 5 5 27 27 8 5 13 10 27 8 13 13 10 13 8 5 13 21 27 8 3 5 4 21 8 10 4 8 27 3 5 5 
29,0.297,13424,0 0 0 1 1 1 0 1 1 0 1 0 0 1 0 1 1 1 0 0 0 1 1 0 0 0 0 1 0 0 ,21 10 7 3 5 22 13 8 21 4 21 13 16 21 16 8 13 8 7 5 21 27 27 7 5 22 27 8 15 17 4 13 10 7 4 21 27 21 16 5 4 17 15 10 4 7 27 8 5 7 22 13 8 7 13 21 27 3 3 16 22 13 8 7 13 4 17 22 10 3 15 22 15 21 4 10 7 8 5 7 4 13 10 10 4 21 27 21 7 5 4 13 8 10 4 8 27 27 21 5 4 17 17 10 3 22 27 8 5 5 10 27 8 5 7 22 27 8 7 5 27 27 8 5 7 22 27 3 13 17 10 13 8 7 13 21 27 3 3 5 4 13 15 10 4 22 27 8 15 5 
30,0.303,12240,0 0 0 1 1 1 0 1 1 0 1 0 0 1 0 1 0 1 0 0 1 1 0 0 0 0 0 1 0 0 ,21 10 3 3 20 8 13 8 21 4 20 27 27 21 4 21 27 27 7 5 21 27 27 7 5 10 20 8 5 17 4 13 10 7 4 21 27 21 7 5 4 13 15 10 4 7 20 8 5 7 10 13 8 7 13 21 27 8 3 5 10 13 8 7 13 4 17 10 10 3 20 13 15 21 4 10 7 8 5 7 4 13 8 10 4 21 27 27 7 5 4 13 8 10 4 8 13 27 21 5 4 17 17 10 3 10 20 8 8 5 10 20 8 5 7 8 27 8 7 5 27 20 3 5 7 21 20 3 15 17 10 13 8 7 13 21 27 3 3 5 4 27 15 21 4 10 20 3 15 5 
31,0.316,14310,0 0 0 1 1 1 0 1 1 0 1 0 0 1 0 1 0 1 0 0 0 1 1 0 0 0 0 1 0 0 ,21 27 3 3 5 8 13 8 21 4 8 13 10 21 5 8 27 10 7 5 21 27 27 7 5 22 27 3 5 17 4 13 10 7 4 21 27 21 4 5 4 17 15 10 4 10 27 8 5 7 22 13 8 7 13 21 3 3 3 5 22 13 8 7 13 4 17 22 10 3 15 22 15 21 4 10 7 8 7 7 4 13 10 10 4 21 10 27 7 13 4 13 8 10 4 8 13 27 21 5 4 17 17 10 3 22 27 8 7 5 10 27 8 5 13 22 27 8 7 5 27 27 8 5 7 22 3 3 15 17 10 13 8 7 7 21 27 3 3 5 4 13 15 21 4 22 27 8 15 5 
32,0.298,16797,0 0 0 1 1 1 0 1 1 0 1 0 0 1 0 1 0 1 0 0 0 1 1 0 0 0 0 1 0 0 ,21 27 7 3 5 8 27 8 21 13 3 13 10 21 5 8 27 8 7 5 21 27 27 7 5 22 27 3 15 17 4 13 10 7 4 21 27 21 7 5 4 17 15 10 4 10 27 8 5 7 22 13 8 7 13 21 27 3 3 5 22 13 8 7 13 4 17 22 10 3 15 22 15 21 4 10 7 8 7 13 4 13 10 10 4 21 10 27 7 5 4 13 8 10 4 21 13 10 21 5 4 17 17 10 3 22 27 8 8 5 10 27 8 5 13 22 27 8 7 5 27 7 8 5 7 22 27 3 15 17 10 13 8 7 13 21 3 3 3 5 8 21 15 21 4 22 27 3 15 5 
33,0.282,12242,0 0 0 1 1 1 1 1 1 0 1 0 0 1 0 0 0 1 0 0 0 1 0 0 0 0 0 1 0 0 ,21 10 7 3 5 4 13 8 21 13 8 13 8 21 5 6 13 8 7 5 21 27 27 7 5 10 27 6 5 6 4 13 10 7 4 21 27 21 7 5 4 13 10 10 4 7 27 8 5 7 10 13 8 7 13 21 27 8 3 5 10 13 8 7 13 4 17 10 10 3 8 13 8 21 4 10 7 8 7 7 4 13 10 10 4 21 27 27 7 5 4 13 8 10 4 8 13 8 21 5 4 17 17 10 3 10 27 8 8 5 10 27 8 5 7 10 27 8 7 5 27 7 8 5 7 21 27 3 13 5 10 13 8 7 7 21 27 3 3 5 8 13 10 10 4 10 27 8 5 5 
34,0.277,11047,0 0 0 1 1 1 0 1 1 0 1 0 0 1 0 0 0 1 0 0 0 1 0 0 1 0 0 1 0 0 ,21 10 7 3 5 4 13 8 21 13 21 13 8 21 5 8 13 8 7 5 21 27 27 7 5 10 27 3 5 17 4 13 10 7 4 21 27 21 7 5 4 13 10 10 4 7 27 8 5 7 10 13 8 7 13 21 27 3 3 5 10 13 8 7 13 4 17 10 10 3 8 13 27 21 4 10 7 8 7 7 4 13 10 10 4 21 27 27 7 5 4 13 8 10 4 8 13 8 21 5 4 17 17 10 3 10 27 8 8 5 10 27 8 24 7 10 27 8 7 5 27 7 8 5 7 21 27 8 13 5 10 13 8 7 7 21 27 8 3 5 4 13 10 10 4 10 27 3 5 5 
35,0.285,12734,0 0 0 1 1 1 0 1 1 0 1 0 0 1 0 0 0 1 0 0 0 1 0 0 0 0 0 1 0 0 ,21 10 7 3 5 8 13 8 21 13 21 13 27 21 5 21 13 8 7 5 21 27 27 7 5 10 27 8 5 17 4 13 10 7 4 21 27 21 7 5 4 13 10 10 4 7 27 8 5 7 10 13 8 7 13 21 27 8 3 5 10 13 8 7 13 4 17 10 10 3 8 13 10 21 4 10 7 8 7 7 4 13 10 10 4 21 27 27 7 5 4 13 8 10 4 8 13 8 21 5 4 17 17 10 3 10 27 8 8 5 10 27 8 5 7 10 27 8 7 5 27 7 8 5 7 21 27 3 13 5 10 13 8 7 7 21 27 8 3 5 8 13 10 21 4 10 27 8 5 5 
36,0.295,17387,0 0 0 1 1 1 0 0 1 0 1 0 0 1 0 0 0 1 0 0 0 1 0 0 0 1 0 1 0 0 ,21 27 8 3 5 4 13 8 21 13 21 13 27 21 4 21 27 8 21 5 21 27 27 21 13 10 27 8 5 17 4 13 8 10 4 21 27 21 4 5 4 13 10 21 4 10 27 8 5 13 10 13 8 10 13 21 27 3 3 5 10 13 8 10 13 4 17 10 10 25 8 13 8 21 4 10 27 8 5 5 4 13 10 10 4 21 27 27 4 5 4 13 8 10 4 8 27 8 21 5 4 17 17 10 3 10 27 8 8 5 10 27 8 5 13 10 27 8 5 5 27 27 8 5 13 21 27 3 13 13 8 13 8 5 5 21 27 3 3 5 4 13 10 10 4 10 27 3 3 5 
37,0.281,12389,0 0 0 1 1 1 0 1 1 0 1 0 1 1 0 0 1 1 0 0 0 1 0 0 1 0 1 0 0 0 ,21 10 7 3 5 8 13 8 21 13 26 13 24 21 5 8 13 8 7 5 21 8 8 7 5 10 3 8 5 17 4 13 10 7 4 21 8 21 7 5 4 13 10 10 12 7 7 8 5 7 10 13 8 7 13 21 3 8 3 5 10 13 8 7 13 4 17 10 10 3 8 13 24 21 4 10 7 8 7 7 4 13 10 10 4 21 10 24 7 5 4 13 8 10 4 26 13 24 21 5 4 17 17 10 3 10 16 8 8 5 10 16 8 5 7 10 8 8 7 5 7 7 8 5 7 21 3 8 13 26 10 13 8 7 7 21 3 8 3 5 8 13 10 10 4 10 3 8 5 5 
38,0.271,10635,0 0 0 1 1 1 0 1 1 0 1 0 0 1 0 0 0 1 1 0 0 1 0 0 0 0 0 1 0 0 ,21 10 7 3 5 8 13 8 21 13 8 13 8 21 5 8 13 8 7 5 21 27 8 7 5 10 27 8 5 17 4 13 10 7 4 21 27 21 7 5 4 13 10 10 4 7 27 8 5 7 10 13 8 7 13 21 27 8 3 5 10 13 8 7 13 4 17 10 10 3 8 13 8 21 4 10 7 8 7 7 4 13 10 10 4 21 27 27 7 5 18 13 8 10 4 8 13 8 21 5 4 17 17 10 3 10 27 8 8 5 10 27 8 5 7 10 27 8 7 5 27 7 8 5 7 21 27 8 13 5 10 13 8 7 7 21 27 8 3 5 8 13 10 10 4 10 27 8 8 5 
39,0.298,16281,0 0 0 1 1 1 0 0 1 1 0 0 0 1 0 0 0 1 0 0 0 1 0 0 0 1 0 0 0 0 ,21 8 3 3 5 8 13 8 21 13 21 13 8 21 5 21 13 8 21 5 21 8 9 21 5 5 3 8 5 17 4 13 8 9 4 21 8 21 4 5 4 13 17 25 4 21 13 9 5 13 8 13 8 9 13 21 3 3 3 5 8 13 8 9 9 4 17 8 9 3 8 13 8 21 4 8 13 8 5 13 4 13 8 9 4 21 13 21 4 5 4 13 8 9 4 21 13 8 21 5 4 17 17 9 3 21 8 9 8 5 21 13 8 5 13 4 8 8 9 5 21 13 8 5 13 21 3 3 13 5 8 13 8 5 13 21 3 3 3 5 8 13 8 21 4 21 3 9 5 5 
40,0.28,16009,0 0 0 1 1 1 0 1 1 0 0 0 0 1 0 0 0 1 0 0 0 1 0 0 0 0 0 0 0 1 ,21 8 7 3 5 8 13 8 21 13 21 13 13 21 5 8 13 29 7 5 21 8 8 7 5 5 3 8 5 17 4 13 8 7 4 21 13 21 7 5 4 13 17 7 4 7 7 8 5 7 8 13 8 7 13 21 3 8 3 5 29 13 8 7 13 4 17 8 7 3 8 13 8 21 4 29 7 8 7 7 4 13 8 7 4 21 8 21 7 5 4 13 8 7 4 8 13 8 21 5 4 17 17 7 3 29 13 8 7 5 29 13 8 5 7 8 8 8 7 5 7 7 8 5 7 21 3 3 13 5 29 13 8 7 7 21 3 3 3 5 8 13 8 21 4 21 3 8 5 5 
41,0.242,8335,1 0 1 0 0 1 0 1 1 1 ,2 8 7 2 5 8 9 0 0 2 9 0 8 9 0 2 2 7 5 2 5 8 0 2 7 7 7 7 7 9 0 2 7 8 9 0 2 0 7 2 5 0 9 2 2 0 7 5 7 5 7 9 9 0 2 9 0 7 9 2 7 2 7 7 5 5 5 7 5 8 5 2 8 8 9 0 7 7 8 9 5 5 2 5 5 0 2 7 5 7 
42,0.218,7155,0 0 0 0 1 0 0 1 0 1 0 1 0 0 0 0 0 0 0 0 ,4 7 7 7 4 7 11 7 7 7 11 4 7 4 4 4 7 4 4 4 11 4 4 4 4 11 7 7 4 7 11 7 11 4 7 11 11 4 4 4 11 11 9 11 7 4 4 4 7 4 11 11 7 7 11 4 11 11 4 4 4 11 7 7 4 7 11 11 7 7 11 7 11 11 7 11 4 11 7 11 
43,0.225,6621,0 0 1 0 0 0 0 0 0 0 0 1 0 0 0 0 0 0 0 0 1 0 0 0 0 0 0 0 0 1 ,20 20 29 20 11 2 2 20 2 29 20 29 20 20 2 11 29 2 2 29 11 20 20 20 20 20 29 11 2 11 2 11 2 2 11 2 20 2 11 2 11 11 2 11 11 2 2 11 11 2 20 11 2 2 2 2 11 29 2 11 2 11 11 29 29 20 20 29 20 29 
44,0.292,11779,1 1 0 1 1 1 0 1 1 0 ,8 3 1 7 7 7 4 3 7 5 8 0 0 3 0 1 4 4 5 7 5 0 4 4 7 5 4 3 0 7 4 8 3 3 3 3 3 5 1 7 0 3 1 0 7 5 1 1 7 7 3 0 8 7 8 0 1 7 1 1 5 7 8 5 7 1 7 7 7 0 3 0 5 7 7 0 5 5 7 5 4 5 7 7 0 4 4 3 1 3 
45,0.216,8923,1 0 0 0 0 0 1 0 1 0 1 0 1 0 0 0 0 1 1 0 ,6 18 6 17 8 18 17 18 18 0 0 0 17 0 0 6 18 6 6 6 0 12 6 17 8 18 17 18 17 0 18 8 17 6 6 6 18 0 18 10 18 0 18 18 17 8 12 6 17 6 0 0 17 18 6 17 17 12 12 17 8 18 17 18 0 17 6 17 17 8 12 17 8 18 6 12 0 18 6 17 
46,0.209,7933,0 0 1 0 0 0 0 1 0 0 0 0 0 0 0 0 0 0 0 1 0 0 0 0 1 0 0 0 0 0 ,2 19 19 19 19 7 2 19 24 7 2 2 7 7 24 7 7 7 2 19 24 2 2 7 19 7 2 2 7 19 2 7 2 7 24 7 19 2 19 2 7 7 19 19 2 19 19 2 2 19 24 19 19 24 24 24 24 24 7 24 19 7 24 24 7 7 19 7 24 24 
47,0.306,12837,1 1 0 0 1 1 1 1 1 0 ,4 4 0 8 6 5 7 8 7 7 6 4 1 6 7 7 8 8 8 7 4 8 6 5 7 7 0 5 7 8 1 6 6 6 7 0 5 7 5 7 0 6 1 7 0 5 7 7 5 7 0 4 1 1 5 7 1 6 0 5 6 7 0 5 7 0 6 8 4 5 0 0 5 7 0 6 6 5 7 7 0 1 4 4 6 1 5 7 6 5 
48,0.217,10163,1 1 1 0 0 0 0 0 0 1 0 0 1 1 0 0 0 0 1 0 ,2 2 12 0 2 0 12 0 12 2 9 18 13 0 1 18 18 0 1 18 18 2 1 0 18 2 1 0 18 2 1 0 18 13 13 0 18 18 1 0 18 18 2 2 18 18 2 9 18 13 13 9 18 12 12 9 2 12 18 2 0 12 18 1 2 13 18 12 0 13 13 9 0 0 9 13 2 1 9 18 
49,0.22,8261,1 1 0 0 0 0 0 0 0 0 1 0 0 0 0 0 1 0 0 0 0 0 1 0 0 0 0 1 0 0 ,0 22 10 27 27 0 22 10 22 22 1 22 0 27 16 22 27 10 27 16 1 22 0 16 0 27 16 0 16 0 27 10 22 22 0 27 0 16 16 1 27 0 16 16 27 22 1 22 22 27 27 10 22 0 27 10 16 27 10 22 10 10 22 0 22 10 22 16 1 27 
50,0.272,8960,1 1 1 0 0 1 1 1 1 1 ,5 1 0 9 0 5 8 2 8 6 5 2 6 6 1 2 0 2 8 5 5 7 6 6 5 9 8 5 7 5 0 1 7 2 9 0 8 5 7 5 2 1 7 2 9 2 7 5 7 5 6 7 6 5 5 1 8 5 7 5 5 2 0 9 0 2 7 2 8 6 0 7 6 0 9 1 9 5 7 5 0 7 6 9 7 1 8 5 7 5 5 5 6 6 1 9 0 2 8 0 
51,0.248,8984,0 0 0 0 0 1 0 1 0 1 1 0 0 0 1 0 0 0 0 1 ,5 19 14 14 10 5 10 10 9 9 5 10 19 9 7 5 7 9 19 7 5 19 19 19 14 10 10 19 9 7 5 19 19 14 10 19 7 10 9 7 5 7 19 19 7 5 7 19 19 7 5 19 14 14 14 5 7 19 7 14 5 7 19 9 10 5 19 19 19 10 5 5 14 19 7 19 7 10 10 7 7 7 19 9 7 5 7 10 19 7 5 19 19 14 10 19 7 10 19 7 
52,0.572,14534,1 1 0 1 1 0 1 1 1 1 ,6 3 3 6 6 4 4 3 9 0 7 9 3 6 3 3 6 9 0 3 6 3 3 8 4 4 7 9 7 7 8 3 3 6 6 6 4 3 6 7 8 3 3 8 6 4 4 7 1 7 6 9 3 1 8 0 6 9 4 4 0 1 3 8 1 3 0 1 0 0 7 3 3 8 4 4 7 7 7 7 8 9 3 3 8 1 3 3 4 4 7 7 9 1 9 0 6 9 4 4 
53,0.22,12221,0 0 0 1 1 0 0 0 0 1 0 1 0 0 0 1 0 0 0 1 ,19 3 15 4 15 11 3 11 4 19 19 3 15 19 3 19 3 11 4 11 19 3 11 4 19 4 3 4 4 19 11 3 19 4 19 11 3 11 4 19 19 3 15 19 11 19 11 15 3 4 11 3 11 4 19 19 3 15 4 11 9 3 11 4 3 19 3 11 4 3 11 3 15 19 15 19 3 15 3 4 4 19 19 19 19 4 19 15 11 15 4 19 3 11 19 11 3 11 4 19 
54,1.174,14120,1 1 1 1 1 1 0 0 1 1 ,4 0 0 9 2 4 4 8 5 0 4 9 3 3 2 1 4 4 8 0 4 3 2 5 2 1 4 4 8 0 4 2 3 5 8 0 4 4 5 0 4 0 2 3 2 1 4 4 5 0 4 9 2 3 2 4 5 3 8 8 4 9 3 9 0 4 8 1 5 5 2 0 2 3 2 1 4 4 8 0 4 9 3 9 2 0 4 4 9 0 0 3 2 3 2 1 4 4 8 5 
55,0.283,11269,1 0 1 0 1 0 1 0 0 1 0 0 0 0 0 0 0 0 0 1 ,19 19 6 6 9 19 0 6 6 9 19 2 6 4 19 19 0 0 4 9 4 2 2 6 19 4 0 2 4 6 4 2 2 4 6 19 19 0 4 9 4 2 2 4 19 4 19 0 4 2 19 19 0 4 9 19 19 2 0 6 19 6 6 6 6 19 19 2 4 2 19 6 6 4 9 4 2 2 4 2 4 2 2 4 2 0 2 6 4 19 0 6 4 4 9 19 19 0 6 9 
56,0.349,26439,0 1 0 1 1 1 0 0 1 1 0 1 0 1 1 0 1 1 0 1 1 0 1 0 0 1 0 0 1 1 ,19 20 1 8 9 1 8 3 14 25 9 4 8 14 9 16 14 16 16 20 16 16 4 19 17 8 5 22 3 16 4 25 14 3 9 16 14 16 5 17 1 25 8 1 3 22 3 5 22 19 17 14 1 4 17 28 5 5 14 1 17 11 13 25 4 4 5 14 9 4 19 3 19 8 22 9 16 17 3 14 5 25 11 3 20 22 4 3 4 5 9 29 19 11 29 17 20 29 22 3 29 17 19 11 11 19 1 11 13 9 25 1 29 1 29 17 20 8 11 3 20 28 29 13 28 11 16 20 8 16 28 25 14 9 16 28 5 5 14 1 29 17 19 17 11 19 11 8 13 9 8 11 1 22 4 25 5 29 22 17 3 20 19 17 11 13 9 25 29 22 14 14 5 20 25 22 4 14 22 4 3 4 28 22 28 11 29 1 28 20 16 8 28 20 8 22 4 1 9 8 
57,0.347,31864,0 1 0 1 1 1 0 0 1 1 0 1 0 1 1 0 1 1 0 1 1 0 1 0 0 1 0 0 1 1 ,19 20 1 8 9 3 8 3 4 25 9 4 8 14 9 11 14 16 16 20 16 16 4 19 17 8 25 22 3 16 4 25 14 3 9 16 1 16 28 17 1 25 8 1 3 17 3 16 22 22 17 14 1 4 17 4 5 5 14 1 17 11 13 25 4 4 5 14 9 5 29 3 19 8 22 9 16 22 3 14 5 25 11 3 20 22 4 14 14 5 9 29 19 11 29 17 20 19 11 3 29 9 19 11 25 19 1 11 13 9 25 1 29 1 29 17 20 8 11 3 20 28 29 13 28 11 16 20 8 16 28 25 13 9 16 28 5 5 22 1 29 17 19 17 11 19 11 8 13 9 8 11 5 22 4 25 5 29 22 17 3 20 19 17 11 13 9 25 19 22 17 14 5 20 25 22 4 14 14 4 3 4 28 22 28 11 29 1 28 29 16 8 28 20 8 22 4 1 14 8 
58,0.335,43795,0 1 0 1 1 1 0 0 1 1 0 1 0 1 1 0 1 1 0 1 1 0 1 0 0 1 0 0 1 1 ,19 20 1 8 9 1 8 3 4 25 9 4 8 14 9 16 14 16 16 20 16 16 4 19 17 8 25 22 3 14 4 25 14 3 9 16 14 16 5 17 1 25 5 1 3 22 3 16 22 19 17 14 1 4 17 4 29 5 14 1 17 11 13 25 4 4 5 14 9 5 20 3 19 8 22 9 16 22 3 14 5 25 11 3 20 5 4 3 14 5 9 29 19 8 29 17 20 29 22 3 29 9 19 11 11 19 1 11 13 9 25 1 29 1 29 17 20 8 11 3 25 28 29 13 28 3 16 20 8 16 28 25 14 9 16 13 5 5 22 1 4 17 19 17 11 19 11 8 13 9 8 11 5 22 4 25 5 29 22 17 3 20 19 17 11 13 9 25 19 22 17 14 1 20 25 22 11 14 14 4 3 4 28 22 28 11 29 1 28 29 16 8 28 20 8 17 4 1 22 8 
59,0.351,35278,0 1 0 1 1 1 0 0 1 1 0 1 0 1 1 0 1 1 0 1 1 0 1 0 0 1 0 0 1 1 ,19 20 1 8 9 3 8 3 4 25 9 4 8 14 9 11 14 16 16 20 16 16 4 19 17 8 25 22 3 16 4 25 14 3 9 16 14 16 5 5 1 25 8 1 3 22 3 5 22 19 17 14 1 4 17 4 1 5 14 1 17 11 13 25 4 4 5 14 9 5 19 22 19 8 22 9 16 17 3 14 5 25 11 3 20 22 4 3 14 5 9 29 19 11 29 17 20 29 22 3 29 9 19 11 25 19 1 11 13 9 25 1 29 1 29 17 20 8 11 3 20 28 29 13 28 11 16 20 8 16 28 25 13 9 16 28 5 5 14 1 29 17 19 11 11 19 11 8 13 9 8 11 1 22 4 25 5 29 22 17 3 20 19 17 11 13 9 25 29 22 17 14 5 20 25 22 4 14 14 4 3 4 28 22 28 5 29 1 28 20 16 8 28 20 8 22 4 1 14 8 
60,0.336,28099,0 1 0 1 1 1 0 0 1 0 0 1 0 0 1 0 0 0 0 1 1 0 1 0 0 0 0 0 0 1 ,11 20 1 8 19 3 8 3 4 5 19 4 8 14 3 11 14 19 5 20 29 14 20 19 14 8 5 20 3 14 4 5 14 3 4 14 14 19 5 5 1 5 11 1 3 22 3 5 22 22 3 14 5 4 29 4 5 5 14 1 1 11 22 29 4 4 19 3 14 4 19 3 11 8 22 19 22 22 3 14 1 5 11 3 20 5 4 14 14 8 19 29 11 8 29 4 20 29 22 3 29 3 19 11 5 19 1 11 11 11 1 1 29 1 4 11 20 8 11 3 20 29 29 22 1 11 14 20 8 29 4 8 14 22 29 4 5 29 14 1 29 22 19 4 11 19 11 8 22 19 8 11 5 22 4 14 5 29 22 1 3 8 1 8 11 19 8 5 29 22 14 14 5 20 11 4 4 1 22 4 3 4 19 22 1 11 29 1 8 29 22 8 1 20 8 22 4 1 3 8 
61,0.335,30437,0 1 0 1 1 1 0 0 1 0 0 1 0 0 1 0 0 0 0 1 1 0 1 0 0 0 0 0 0 1 ,3 20 1 8 19 3 8 3 4 5 19 4 8 14 3 11 14 19 5 20 22 14 20 19 14 8 5 22 3 14 4 5 14 3 4 11 14 19 20 20 1 5 8 1 3 22 3 5 22 19 3 14 5 4 29 4 5 5 14 1 1 11 22 29 4 4 19 14 14 4 29 3 11 8 22 19 22 22 3 14 5 5 11 3 20 5 4 3 14 5 19 29 11 8 29 4 20 29 22 3 29 3 19 11 5 19 1 14 11 11 1 1 29 1 29 11 20 8 11 3 20 29 29 22 1 5 14 20 8 29 4 8 14 22 29 4 5 29 14 1 4 22 19 11 11 19 11 8 11 20 8 11 5 22 4 14 1 29 22 1 3 8 19 4 11 19 8 5 29 22 3 14 5 20 11 22 4 14 14 4 3 4 19 22 1 11 29 1 8 29 22 8 1 20 8 22 4 1 3 8 
62,0.33,38326,0 1 0 1 1 1 0 0 1 0 0 1 0 0 1 0 0 0 0 1 1 0 1 0 0 0 0 0 0 1 ,4 20 1 8 19 3 8 3 4 5 19 4 8 14 3 11 14 19 29 20 29 14 4 19 14 8 5 22 3 14 4 5 14 3 4 11 1 19 5 20 1 5 8 1 3 22 3 5 22 19 3 14 5 22 29 4 5 5 14 1 1 11 22 29 4 4 19 14 14 4 19 3 19 8 14 19 22 4 3 14 5 5 11 3 20 5 4 3 14 8 19 29 11 8 29 4 20 29 11 3 29 3 19 11 5 19 1 11 11 11 1 1 29 1 29 11 20 8 11 3 20 29 29 22 1 11 14 20 8 29 4 8 14 22 29 4 5 5 14 1 4 22 19 11 11 19 11 8 29 19 8 11 5 22 4 14 5 29 22 1 3 8 1 22 11 3 8 5 29 22 14 14 5 20 11 22 11 14 22 4 3 4 19 22 1 11 29 1 8 20 22 8 1 20 8 22 4 1 3 8 
63,0.341,34133,0 1 0 1 1 1 0 0 1 0 0 1 0 0 1 0 0 0 0 1 1 0 1 0 0 0 0 0 0 1 ,4 20 1 8 19 3 8 3 4 5 19 4 8 14 3 11 14 19 5 20 22 14 4 19 14 8 5 22 3 14 4 5 14 3 4 3 14 19 20 20 1 5 8 1 3 22 3 5 22 19 3 14 5 22 29 4 5 5 14 1 1 11 22 29 4 4 19 3 14 4 29 22 19 8 22 19 22 22 3 14 5 5 11 1 20 5 4 3 14 8 19 29 11 8 29 4 20 29 11 3 29 3 19 11 5 19 1 11 11 11 1 1 29 1 29 11 20 8 11 3 20 29 29 22 1 5 14 20 8 29 4 8 14 22 29 14 5 29 14 1 4 22 19 11 11 19 11 8 11 19 8 11 5 22 4 14 1 29 22 1 3 8 19 4 11 3 8 5 29 22 3 14 5 20 11 4 11 14 14 4 3 4 19 22 1 11 29 1 8 29 22 8 1 20 8 5 4 1 3 8 
64,0.321,29511,0 1 0 1 0 0 0 0 1 0 0 1 0 0 1 0 0 0 0 1 1 0 1 0 0 0 0 1 0 0 ,19 20 1 8 11 3 8 3 14 8 19 22 8 14 27 11 14 19 11 20 22 14 20 19 14 8 27 22 3 14 11 8 14 3 27 27 14 19 22 20 1 1 8 1 3 22 3 8 22 19 3 14 1 27 11 14 1 27 14 1 27 27 22 20 8 27 19 14 14 8 19 3 19 8 22 19 22 11 3 14 14 1 11 3 20 22 3 14 14 8 19 3 27 27 11 27 20 8 11 3 22 3 19 11 27 19 1 11 11 11 1 1 22 1 14 11 20 8 11 3 20 8 19 22 1 11 14 20 8 27 20 8 14 27 22 14 1 27 14 1 22 22 19 11 11 19 11 8 11 19 8 11 1 22 3 27 1 19 22 1 3 8 19 22 11 11 8 1 19 22 14 14 1 20 11 22 20 14 27 3 3 20 19 22 1 11 27 1 8 20 22 8 1 20 8 22 11 1 27 8 
65,0.329,34201,0 1 0 1 0 0 0 0 1 0 0 1 0 0 1 0 0 0 0 1 1 0 1 0 0 0 0 0 0 0 ,3 20 1 8 19 3 1 3 14 8 19 22 8 14 3 11 14 19 11 20 22 14 20 19 14 8 19 20 3 14 11 8 14 3 3 14 1 19 22 20 1 1 8 1 3 22 3 8 22 19 3 14 1 22 11 14 1 14 14 1 1 11 22 20 8 8 19 3 1 8 19 3 19 8 22 19 22 20 3 14 14 1 11 3 20 11 3 14 14 8 19 3 11 8 11 22 20 8 11 3 22 3 19 11 14 19 1 11 11 11 1 1 22 1 14 11 20 8 11 3 20 8 19 22 1 3 14 20 8 20 20 8 14 22 22 14 1 14 14 1 22 22 19 11 11 19 11 8 11 19 8 11 1 22 3 14 1 19 22 1 3 20 1 22 11 11 8 1 19 22 3 14 1 20 11 22 20 14 14 3 3 20 19 22 1 11 8 1 8 20 22 8 1 20 8 19 11 1 3 8 
66,0.346,39872,0 1 0 1 0 0 0 0 1 0 0 1 0 0 1 0 0 0 0 1 1 0 1 0 0 0 0 0 0 0 ,19 20 1 8 19 3 8 3 14 8 19 22 8 14 3 11 14 19 1 20 1 14 20 19 14 8 8 20 3 14 11 3 14 3 3 11 14 19 22 20 1 1 8 1 3 22 3 8 22 19 3 14 1 22 11 14 1 14 14 1 1 11 22 20 19 8 19 3 1 8 19 3 19 8 22 19 22 22 3 14 1 1 11 3 20 22 3 3 14 8 19 3 11 8 14 14 20 8 11 3 3 3 19 11 11 14 1 11 11 11 1 1 22 1 3 11 20 8 22 3 20 8 19 22 1 3 14 20 8 20 20 8 14 22 22 14 1 8 14 1 3 22 19 11 11 19 11 8 11 19 8 11 1 22 3 14 1 19 22 1 3 20 19 22 11 11 11 1 19 22 14 14 1 20 11 22 20 14 14 3 3 20 19 22 1 11 8 1 8 20 22 8 1 20 8 22 11 1 11 8 
67,0.339,33438,0 1 0 1 1 0 0 0 1 0 0 1 0 0 1 0 0 0 0 1 1 0 1 0 0 0 0 1 0 1 ,19 20 1 8 14 3 8 3 4 4 19 4 8 14 27 11 14 19 29 20 22 14 20 19 14 8 29 20 3 14 4 19 14 3 4 27 14 19 20 20 1 1 11 1 3 22 3 8 22 19 3 14 1 27 4 4 29 29 14 1 27 27 22 29 4 27 19 14 27 4 19 3 27 8 22 19 22 22 3 14 1 29 11 3 20 22 4 3 14 4 19 29 27 27 29 27 20 29 11 3 29 3 19 11 27 19 1 11 11 11 1 1 29 1 29 11 1 8 11 3 20 29 29 22 1 11 14 20 8 27 20 8 14 27 4 14 1 29 14 1 4 22 19 11 11 19 11 8 11 22 8 11 1 22 4 27 14 29 22 1 3 8 19 4 11 11 8 1 29 22 27 14 1 20 11 22 4 14 27 4 3 4 19 22 1 11 29 1 8 29 22 8 1 20 8 22 4 1 27 8 
68,0.328,29646,0 1 0 1 1 0 0 0 1 0 0 1 0 0 1 0 0 0 0 1 1 0 1 0 0 0 0 1 0 0 ,19 20 1 8 11 3 8 3 4 8 20 4 8 14 27 11 1 19 11 20 22 14 20 19 14 8 27 22 3 14 11 8 14 3 4 27 14 19 22 20 1 1 8 1 3 22 3 8 22 19 3 14 1 4 4 14 1 27 14 1 27 27 22 20 3 4 3 14 14 8 19 3 19 8 22 19 22 11 3 14 14 1 11 3 20 22 4 14 14 8 19 3 27 27 11 4 20 8 11 3 3 3 19 11 27 19 11 11 11 11 1 1 22 1 3 11 20 8 11 3 20 4 19 22 1 3 14 20 8 27 4 8 14 27 22 4 1 27 22 1 4 22 19 11 11 19 11 8 11 19 8 11 1 22 4 27 1 19 22 1 3 8 1 22 11 11 8 1 22 22 27 14 1 20 11 22 4 14 27 3 3 20 19 22 1 11 27 1 8 20 22 8 1 20 8 4 4 1 27 8 
69,0.34,32326,0 1 0 1 1 0 0 0 1 0 0 1 0 0 1 0 0 0 0 1 1 0 1 0 0 0 0 1 0 0 ,19 20 1 8 19 3 8 3 4 4 20 4 8 14 27 11 1 19 11 20 22 14 4 19 14 8 27 20 3 27 11 8 14 3 4 27 1 19 22 20 1 1 8 1 3 22 3 8 22 22 3 14 1 27 4 14 1 27 14 1 27 27 22 20 8 27 19 14 14 11 19 3 27 8 22 19 22 22 3 14 1 1 11 3 20 22 4 14 14 8 19 3 27 27 4 4 20 8 11 3 4 3 19 11 27 19 1 11 11 11 1 1 22 1 14 11 20 8 11 3 20 4 8 22 1 11 14 20 8 27 4 8 14 27 8 14 1 27 14 1 4 22 19 11 11 19 11 8 11 19 8 11 1 22 4 27 1 19 22 1 3 8 19 22 11 11 11 20 19 22 27 14 1 20 11 22 4 14 27 3 3 20 1 22 11 11 27 1 8 20 22 8 1 20 8 22 4 1 27 8 
70,0.336,39517,0 1 0 1 1 0 0 0 1 0 0 1 0 0 1 1 0 0 0 1 1 0 1 0 0 0 0 1 0 0 ,19 20 1 8 11 3 8 3 4 8 20 4 8 14 27 11 1 19 11 20 27 14 20 19 14 8 27 22 3 14 11 8 14 3 4 27 14 19 22 20 1 1 8 1 3 22 3 8 22 19 3 14 1 27 4 14 20 27 14 1 27 27 22 20 15 27 19 27 14 4 19 3 19 8 22 19 22 4 3 14 14 1 11 3 20 22 4 3 14 8 19 3 27 27 11 4 20 8 11 3 22 3 19 11 27 19 1 11 11 11 1 1 22 1 4 11 20 8 11 3 20 4 19 22 1 11 14 20 8 27 4 8 14 27 11 14 1 27 14 1 22 22 27 11 11 19 11 8 11 19 8 11 1 22 4 27 1 19 22 1 3 8 1 22 11 11 8 20 19 22 14 14 3 20 11 22 4 1 27 4 3 4 1 22 1 11 27 1 8 20 22 8 1 20 8 22 4 1 27 8 
71,0.325,35874,0 1 0 1 1 0 0 0 1 0 0 1 0 0 1 0 0 0 0 1 1 0 1 0 0 0 0 1 0 0 ,19 20 1 8 19 3 8 3 4 4 19 4 8 14 27 11 14 19 1 20 22 14 4 19 14 8 27 22 3 14 11 8 14 3 4 27 14 19 20 20 1 1 8 1 3 22 3 8 22 19 3 14 1 27 11 14 20 27 14 1 27 27 22 20 8 27 3 27 14 4 19 3 19 8 22 19 22 22 3 14 14 1 11 3 20 22 4 3 14 8 19 3 27 27 11 4 20 8 11 3 4 3 19 11 27 19 1 11 11 11 1 1 22 1 4 11 20 8 11 3 20 4 8 22 1 11 14 20 8 27 4 8 14 27 11 14 1 27 22 1 22 22 19 11 11 19 11 8 11 19 8 11 1 22 4 27 1 19 22 1 3 8 1 22 11 11 8 1 22 22 27 14 1 20 11 22 11 14 27 3 3 20 1 22 11 11 27 1 8 20 22 8 1 20 8 4 4 1 27 8 